Date,Cases (COVID Tracker),Cases (NYT),Cases (USAFacts),Cases (JHU),Cases (average),Deaths (COVID Tracker),Deaths (NYT),Deaths (USAFacts),Deaths (JHU),Deaths (average),Death rate (average),New cases (COVID Tracker),New cases (NYT),New cases (USAFacts),New cases (JHU),New cases (average),New deaths (COVID Tracker),New deaths (NYT),New deaths (USAFacts),New deaths (JHU),New deaths (average),New tests/day (COVID Tracker),Log(cases) (average),Log(deaths) (average),New cases peak,New deaths peak, 
1/21/2020,N/A,1,N/A,N/A,,N/A,0,N/A,,,,,,,,,,,,,,,,,,,
1/22/2020,0,1,1,1,1,N/A,0,0,0,0,0.00%,,0,,,0,,0,,0,0,,-0.12,,,,
1/23/2020,0,1,1,1,1,N/A,0,0,0,0,0.00%,0,0,0,0,0,,0,0,0,0,0,-0.12,,,,
1/24/2020,0,2,2,2,2,N/A,0,0,0,0,0.00%,0,1,1,1,1,,0,0,0,0,0,0.18,,,,
1/25/2020,0,3,2,2,2,N/A,0,0,0,0,0.00%,0,1,0,0,0,,0,0,0,0,0,0.24,,,,
1/26/2020,0,5,5,5,4,N/A,0,0,0,0,0.00%,0,2,3,3,2,,0,0,0,0,0,0.57,,,,
1/27/2020,0,5,6,5,4,N/A,0,0,0,0,0.00%,0,0,1,0,0,,0,0,0,0,0,0.60,,,,
1/28/2020,0,5,6,5,4,N/A,0,0,0,0,0.00%,0,0,0,0,0,,0,0,0,0,0,0.60,,,,
1/29/2020,0,5,7,5,4,N/A,0,0,0,0,0.00%,0,0,1,0,0,,0,0,0,0,0,0.63,,,,
1/30/2020,0,6,7,5,5,N/A,0,0,0,0,0.00%,0,1,0,0,0,,0,0,0,0,0,0.65,,,,
1/31/2020,0,7,8,7,6,N/A,0,0,0,0,0.00%,0,1,1,2,1,,0,0,0,0,0,0.74,,,,
2/1/2020,0,8,9,8,6,N/A,0,0,0,0,0.00%,0,1,1,1,1,,0,0,0,0,0,0.80,,,,
2/2/2020,0,11,9,8,7,N/A,0,0,0,0,0.00%,0,3,0,0,1,,0,0,0,0,0,0.85,,,,
2/3/2020,0,11,11,11,8,N/A,0,0,0,0,0.00%,0,0,2,3,1,,0,0,0,0,0,0.92,,,,
2/4/2020,0,11,11,11,8,N/A,0,0,0,0,0.00%,0,0,0,0,0,,0,0,0,0,0,0.92,,,,
2/5/2020,0,12,11,11,9,N/A,0,0,0,0,0.00%,0,1,0,0,0,,0,0,0,0,0,0.93,,,,
2/6/2020,0,12,11,11,9,N/A,0,1,0,0,3.92%,0,0,0,0,0,,0,1,0,0,0,0.93,-0.48,,,
2/7/2020,0,12,11,11,9,N/A,0,1,0,0,3.92%,0,0,0,0,0,,0,0,0,0,0,0.93,-0.48,,,
2/8/2020,0,12,11,11,9,N/A,0,1,0,0,3.92%,0,0,0,0,0,,0,0,0,0,0,0.93,-0.48,,,
2/9/2020,0,12,11,11,9,N/A,0,1,0,0,3.92%,0,0,0,0,0,,0,0,0,0,0,0.93,-0.48,,,
2/10/2020,0,13,11,11,9,0,0,1,0,0,2.86%,0,1,0,0,0,,0,0,0,0,0,0.94,-0.60,,,
2/11/2020,0,13,12,12,9,0,0,1,0,0,2.70%,0,0,1,1,1,0,0,0,0,0,0,0.97,-0.60,,,
2/12/2020,0,14,12,12,10,0,0,1,0,0,2.63%,0,1,0,0,0,0,0,0,0,0,0,0.98,-0.60,,,
2/13/2020,0,15,13,13,10,0,0,1,0,0,2.44%,0,1,1,1,1,0,0,0,0,0,0,1.01,-0.60,,,
2/14/2020,0,15,13,13,10,0,0,1,0,0,2.44%,0,0,0,0,0,0,0,0,0,0,0,1.01,-0.60,,,
2/15/2020,0,15,13,13,10,0,0,1,0,0,2.44%,0,0,0,0,0,0,0,0,0,0,0,1.01,-0.60,,,
2/16/2020,0,15,13,13,10,0,0,1,0,0,2.44%,0,0,0,0,0,0,0,0,0,0,0,1.01,-0.60,,,
2/17/2020,0,25,13,13,13,0,0,2,0,1,3.92%,0,10,0,0,3,0,0,1,0,0,0,1.11,-0.30,,,
2/18/2020,0,25,14,13,13,0,0,2,0,1,3.85%,0,0,1,0,0,0,0,0,0,0,0,1.11,-0.30,,,
2/19/2020,0,25,14,13,13,0,0,2,0,1,3.85%,0,0,0,0,0,0,0,0,0,0,0,1.11,-0.30,,,
2/20/2020,0,27,14,13,14,0,0,2,0,1,3.70%,0,2,0,0,1,0,0,0,0,0,0,1.13,-0.30,,,
2/21/2020,0,30,17,15,16,0,0,2,0,1,3.23%,0,3,3,2,2,0,0,0,0,0,0,1.19,-0.30,,,
2/22/2020,0,30,17,15,16,0,0,2,0,1,3.23%,0,0,0,0,0,0,0,0,0,0,0,1.19,-0.30,,,
2/23/2020,0,30,17,15,16,0,0,2,0,1,3.23%,0,0,0,0,0,0,0,0,0,0,0,1.19,-0.30,,,
2/24/2020,0,43,18,15,19,0,0,2,0,1,2.63%,0,13,1,0,4,0,0,0,0,0,0,1.28,-0.30,,,
2/25/2020,0,45,18,15,20,0,0,2,0,1,2.56%,0,2,0,0,1,0,0,0,0,0,0,1.29,-0.30,,,
2/26/2020,0,60,20,15,24,2,0,2,0,1,4.21%,0,15,2,0,4,2,0,0,0,1,0,1.38,0.00,,,
2/27/2020,0,60,21,16,24,2,0,2,0,1,4.12%,0,0,1,1,1,0,0,0,0,0,0,1.38,0.00,,,
2/28/2020,0,65,23,16,26,4,0,2,0,2,5.77%,0,5,2,0,2,2,0,0,0,1,0,1.41,0.18,,,
2/29/2020,18,70,34,24,37,5,1,3,1,3,6.85%,18,5,11,8,11,1,1,1,1,1,42,1.56,0.40,,,
3/1/2020,45,88,40,30,51,8,3,3,1,4,7.39%,27,18,6,6,14,3,2,0,0,1,88,1.71,0.57,,,
3/2/2020,85,104,62,53,76,11,6,8,6,8,10.20%,40,16,22,23,25,3,3,5,5,4,198,1.88,0.89,,,
3/3/2020,126,125,81,73,101,14,10,9,7,10,9.88%,41,21,19,20,25,3,4,1,1,2,244,2.01,1.00,,,
3/4/2020,259,161,116,104,160,16,12,13,11,13,8.13%,133,36,35,31,59,2,2,4,4,3,"1,104",2.20,1.11,,,
3/5/2020,358,228,182,174,236,20,12,14,12,15,6.16%,99,67,66,70,76,4,0,1,1,2,631,2.37,1.16,,,
3/6/2020,456,311,231,222,305,26,15,19,14,19,6.07%,98,83,49,48,70,6,3,5,2,4,821,2.48,1.27,,,
3/7/2020,615,428,377,337,439,27,19,22,17,21,4.84%,159,117,146,115,134,1,4,3,3,3,820,2.64,1.33,,,
3/8/2020,790,547,492,451,570,31,22,25,21,25,4.34%,175,119,115,114,131,4,3,3,4,4,891,2.76,1.39,,,
3/9/2020,"1,046",748,754,519,767,35,26,31,22,29,3.72%,256,201,262,68,197,4,4,6,1,4,"1,790",2.88,1.45,,,
3/10/2020,"1,381","1,018","1,039",711,"1,037",37,31,34,28,33,3.13%,335,270,285,192,271,2,5,3,6,4,"2,519",3.02,1.51,,,
3/11/2020,"1,830","1,263","1,369","1,109","1,393",43,37,40,32,38,2.73%,449,245,330,398,356,6,6,6,4,6,"3,870",3.14,1.58,,,
3/12/2020,"2,435","1,668","1,717","1,561","1,845",51,43,44,42,45,2.44%,605,405,348,452,453,8,6,4,10,7,"5,355",3.27,1.65,,,
3/13/2020,"3,380","2,224","2,316","2,149","2,517",55,50,51,51,52,2.06%,945,556,599,588,672,4,7,7,9,7,"9,263",3.40,1.71,,,
3/14/2020,"4,185","2,898","2,968","2,859","3,228",64,60,61,58,61,1.88%,805,674,652,710,710,9,10,10,7,9,"4,657",3.51,1.78,,,
3/15/2020,"5,290","3,600","3,770","2,955","3,904",79,68,68,71,72,1.83%,"1,105",702,802,96,676,15,8,7,13,11,"7,658",3.59,1.85,,,
3/16/2020,"6,790","4,507","4,731","4,336","5,091",100,91,100,99,98,1.92%,"1,500",907,961,"1,381","1,187",21,23,32,28,26,"18,025",3.71,1.99,,,
3/17/2020,"10,342","5,906","6,302","6,112","7,166",123,117,119,133,123,1.72%,"3,552","1,399","1,571","1,776","2,075",23,26,19,34,26,"17,497",3.86,2.09,,,
3/18/2020,"13,424","8,350","9,214","8,871","9,965",155,162,161,190,167,1.68%,"3,082","2,444","2,912","2,759","2,799",32,45,42,57,44,"25,150",4.00,2.22,,,
3/19/2020,"18,092","12,393","14,236","14,095","14,704",203,212,223,268,227,1.54%,"4,668","4,043","5,022","5,224","4,739",48,50,62,78,60,"27,991",4.17,2.36,,,
3/20/2020,"24,245","18,003","19,152","19,404","20,201",272,277,267,364,295,1.46%,"6,153","5,610","4,916","5,309","5,497",69,65,44,96,69,"36,721",4.31,2.47,,,
3/21/2020,"31,038","24,528","26,469","25,725","26,940",334,360,353,453,375,1.39%,"6,793","6,525","7,317","6,321","6,739",62,83,86,89,80,"45,421",4.43,2.57,,,
3/22/2020,"40,199","33,066","33,754","33,638","35,164",480,458,445,597,495,1.41%,"9,161","8,538","7,285","7,913","8,224",146,98,92,144,120,"45,617",4.55,2.69,,,
3/23/2020,"51,657","43,505","43,870","43,682","45,679",581,579,586,781,632,1.38%,"11,458","10,439","10,116","10,044","10,514",101,121,141,184,137,"58,352",4.66,2.80,,,
3/24/2020,"62,372","53,929","53,889","53,925","56,029",815,774,798,"1,011",850,1.52%,"10,715","10,424","10,019","10,243","10,350",234,195,212,230,218,"69,410",4.75,2.93,,,
3/25/2020,"75,279","68,535","68,587","65,844","69,561","1,050","1,044","1,081","1,320","1,124",1.62%,"12,907","14,606","14,698","11,919","13,533",235,270,283,309,274,"84,635",4.84,3.05,,,
3/26/2020,"92,999","85,563","85,075","83,836","86,868","1,370","1,350","1,384","1,726","1,458",1.68%,"17,720","17,028","16,488","17,992","17,307",320,306,303,406,334,"102,031",4.94,3.16,,,
3/27/2020,"112,131","102,835","102,595","101,962","104,881","1,776","1,764","1,783","2,269","1,898",1.81%,"19,132","17,272","17,520","18,126","18,013",406,414,399,543,441,"102,913",5.02,3.28,,,
3/28/2020,"131,822","123,730","122,986","121,786","125,081","2,314","2,294","2,332","2,899","2,460",1.97%,"19,691","20,895","20,391","19,824","20,200",538,530,549,630,562,"107,066",5.10,3.39,,,
3/29/2020,"151,401","142,406","141,753","140,910","144,118","2,835","2,710","2,756","3,518","2,955",2.05%,"19,579","18,676","18,767","19,124","19,037",521,416,424,619,495,"87,766",5.16,3.47,,,
3/30/2020,"173,456","163,873","163,705","162,147","165,795","3,424","3,365","3,402","4,320","3,628",2.19%,"22,055","21,467","21,952","21,237","21,678",589,655,646,802,673,"118,761",5.22,3.56,,,
3/31/2020,"198,304","188,425","186,750","188,172","190,413","4,314","4,301","4,337","5,531","4,621",2.43%,"24,848","24,552","23,045","26,025","24,618",890,936,935,"1,211",993,"112,505",5.28,3.66,,,
4/1/2020,"224,089","215,176","213,136","213,602","216,501","5,324","5,329","5,385","6,746","5,696",2.63%,"25,785","26,751","26,386","25,430","26,088","1,010","1,028","1,048","1,215","1,075","108,766",5.34,3.76,,,
4/2/2020,"252,146","244,636","241,856","244,008","245,662","6,496","6,558","6,654","8,303","7,003",2.85%,"28,057","29,460","28,720","30,406","29,161","1,172","1,229","1,269","1,557","1,307","119,115",5.39,3.85,,,
4/3/2020,"284,222","277,279","277,060","275,798","278,590","7,782","7,918","8,001","9,587","8,322",2.99%,"32,076","32,643","35,204","31,790","32,928","1,286","1,360","1,347","1,284","1,319","133,089",5.44,3.92,,,
4/4/2020,"317,434","312,519","310,740","309,027","312,430","9,264","9,486","9,389","10,849","9,747",3.12%,"33,212","35,240","33,680","33,229","33,840","1,482","1,568","1,388","1,262","1,425","229,278",5.49,3.99,,,
4/5/2020,"342,934","337,984","335,454","336,802","338,294","10,604","10,852","10,891","12,245","11,148",3.30%,"25,500","25,465","24,714","27,775","25,864","1,340","1,366","1,502","1,396","1,401","119,799",5.53,4.05,,,
4/6/2020,"371,936","367,599","365,310","366,317","367,791","11,922","12,360","12,437","13,894","12,653",3.44%,"29,002","29,615","29,856","29,515","29,497","1,318","1,508","1,546","1,649","1,505","152,255",5.57,4.10,,,
4/7/2020,"402,821","399,388","395,602","397,121","398,733","13,946","14,614","14,598","16,191","14,837",3.72%,"30,885","31,789","30,292","30,804","30,943","2,024","2,254","2,161","2,297","2,184","154,489",5.60,4.17,,,
4/8/2020,"433,416","431,213","428,208","428,654","430,373","15,956","16,716","16,678","18,270","16,905",3.93%,"30,595","31,825","32,606","31,533","31,640","2,010","2,102","2,080","2,079","2,068","147,749",5.63,4.23,,,
4/9/2020,"467,911","465,909","462,048","463,327","464,799","17,999","18,821","18,658","20,297","18,944",4.08%,"34,495","34,696","33,840","34,673","34,426","2,043","2,105","1,980","2,027","2,039","171,243",5.67,4.28,,,
4/10/2020,"502,294","499,379","495,188","496,846","498,427","20,107","21,081","21,159","22,357","21,176",4.25%,"34,383","33,470","33,140","33,519","33,628","2,108","2,260","2,501","2,060","2,232","158,575",5.70,4.33,,,
4/11/2020,"532,800","531,104","526,272","526,776","529,238","22,162","23,164","22,909","24,366","23,150",4.37%,"30,506","31,725","31,084","29,930","30,811","2,055","2,083","1,750","2,009","1,974","137,098",5.72,4.36,,,
4/12/2020,"560,563","558,247","553,524","555,313","556,912","23,865","24,847","24,590","26,086","24,847",4.46%,"27,763","27,143","27,252","28,537","27,674","1,703","1,683","1,681","1,720","1,697","138,967",5.75,4.40,,,
4/13/2020,"585,763","584,013","578,452","580,624","582,213","25,509","26,611","25,719","27,870","26,427",4.54%,"25,200","25,766","24,928","25,311","25,301","1,644","1,764","1,129","1,784","1,580","134,549",5.77,4.42,,,
4/14/2020,"611,472","610,703","603,829","607,670","608,419","27,845","29,317","28,872","30,262","29,074",4.78%,"25,709","26,690","25,377","27,046","26,206","2,336","2,706","3,153","2,392","2,647","152,121",5.78,4.46,,Peak,
4/15/2020,"641,782","640,735","633,949","636,674","638,285","30,389","32,069","31,319","32,760","31,634",4.96%,"30,310","30,032","30,120","29,004","29,867","2,544","2,752","2,447","2,498","2,560","137,334",5.81,4.50,,,
4/16/2020,"672,761","672,348","666,499","667,981","669,897","32,589","34,341","33,583","34,844","33,839",5.05%,"30,979","31,613","32,550","31,307","31,612","2,200","2,272","2,264","2,084","2,205","164,152",5.83,4.53,,,
4/17/2020,"704,774","703,854","697,434","700,062","701,531","34,709","36,706","35,558","37,428","36,100",5.15%,"32,013","31,506","30,935","32,081","31,634","2,120","2,365","1,975","2,584","2,261","159,355",5.85,4.56,,,
4/18/2020,"732,679","732,257","725,173","728,352","729,615","36,602","38,659","37,062","39,775","38,025",5.21%,"27,905","28,403","27,739","28,290","28,084","1,893","1,953","1,504","2,347","1,924","146,156",5.86,4.58,,,
4/19/2020,"760,067","757,593","750,194","754,376","755,558","38,374","40,179","39,587","40,945","39,771",5.26%,"27,388","25,336","25,021","26,024","25,942","1,772","1,520","2,525","1,170","1,747","154,220",5.88,4.60,,,
4/20/2020,"785,966","784,922","776,787","780,064","781,935","40,172","42,016","41,405","42,686","41,570",5.32%,"25,899","27,329","26,593","25,688","26,377","1,798","1,837","1,818","1,741","1,799","146,268",5.89,4.62,,,
4/21/2020,"812,326","810,415","802,274","807,023","808,010","42,639","44,688","44,162","45,086","44,144",5.46%,"26,360","25,493","25,487","26,959","26,075","2,467","2,672","2,757","2,400","2,574","153,423",5.91,4.64,,,
4/22/2020,"841,283","839,197","831,049","835,150","836,670","44,737","47,058","46,198","47,412","46,351",5.54%,"28,957","28,782","28,775","28,127","28,660","2,098","2,370","2,036","2,326","2,208","324,186",5.92,4.67,,,
4/23/2020,"873,088","873,025","862,704","869,170","869,497","46,528","49,228","48,014","49,724","48,374",5.56%,"31,805","33,828","31,655","34,020","32,827","1,791","2,170","1,816","2,312","2,022","193,435",5.94,4.68,,,
4/24/2020,"907,327","909,764","900,097","905,358","905,637","48,423","51,360","50,699","51,493","50,494",5.58%,"34,239","36,739","37,393","36,188","36,140","1,895","2,132","2,685","1,769","2,120","236,524",5.96,4.70,,,
4/25/2020,"943,197","944,044","934,065","938,154","939,865","50,171","53,322","52,669","53,755","52,479",5.58%,"35,870","34,280","33,968","32,796","34,229","1,748","1,962","1,970","2,262","1,986","276,587",5.97,4.72,,,
4/26/2020,"970,508","970,653","959,548","965,785","966,624","51,385","54,580","53,803","54,881","53,662",5.55%,"27,311","26,609","25,483","27,631","26,759","1,214","1,258","1,134","1,126","1,183","206,595",5.99,4.73,,,
4/27/2020,"993,208","993,841","982,311","988,197","989,389","52,655","56,022","55,185","56,219","55,020",5.56%,"22,700","23,188","22,763","22,412","22,766","1,270","1,442","1,382","1,338","1,358","196,080",6.00,4.74,,,
4/28/2020,"1,018,490","1,018,505","1,006,417","1,012,582","1,013,999","54,727","58,416","57,433","58,355","57,233",5.64%,"25,282","24,664","24,106","24,385","24,609","2,072","2,394","2,248","2,136","2,213","207,235",6.01,4.76,,,
4/29/2020,"1,045,215","1,045,214","1,034,338","1,039,909","1,041,169","57,440","60,930","60,025","60,967","59,841",5.75%,"26,725","26,709","27,921","27,327","27,171","2,713","2,514","2,592","2,612","2,608","239,378",6.02,4.78,,,
4/30/2020,"1,074,764","1,075,635","1,063,314","1,069,424","1,070,784","59,580","63,140","62,144","62,996","61,965",5.79%,"29,549","30,421","28,976","29,515","29,615","2,140","2,210","2,119","2,029","2,125","233,452",6.03,4.79,,,
5/1/2020,"1,107,793","1,109,600","1,096,406","1,103,461","1,104,315","61,357","64,902","63,957","64,943","63,790",5.78%,"33,029","33,965","33,092","34,037","33,531","1,777","1,762","1,813","1,947","1,825","296,129",6.04,4.80,,,
5/2/2020,"1,136,941","1,139,074","1,126,378","1,132,539","1,133,733","62,921","66,485","65,528","66,369","65,326",5.76%,"29,148","29,474","29,972","29,078","29,418","1,564","1,583","1,571","1,426","1,536","247,469",6.05,4.82,,,
5/3/2020,"1,162,651","1,165,147","1,151,544","1,158,040","1,159,346","64,152","67,816","66,909","67,682","66,640",5.75%,"25,710","26,073","25,166","25,501","25,613","1,231","1,331","1,381","1,313","1,314","236,827",6.06,4.82,,,
5/4/2020,"1,185,294","1,187,107","1,173,202","1,180,375","1,181,495","65,187","68,905","67,904","68,922","67,730",5.73%,"22,643","21,960","21,658","22,335","22,149","1,035","1,089",995,"1,240","1,090","232,311",6.07,4.83,,,
5/5/2020,"1,207,740","1,210,822","1,197,324","1,204,351","1,205,059","67,639","71,139","70,382","71,064","70,056",5.81%,"22,446","23,715","24,122","23,976","23,565","2,452","2,234","2,478","2,142","2,327","272,527",6.08,4.85,,,
5/6/2020,"1,232,837","1,235,334","1,220,975","1,229,331","1,229,619","69,589","73,847","72,977","73,455","72,467",5.89%,"25,097","24,512","23,651","24,980","24,560","1,950","2,708","2,595","2,391","2,411","245,946",6.09,4.86,,,
5/7/2020,"1,260,396","1,263,838","1,248,587","1,257,023","1,257,461","72,341","75,805","75,017","75,662","74,706",5.94%,"27,559","28,504","27,612","27,692","27,842","2,752","1,958","2,040","2,207","2,239","302,574",6.10,4.87,,,
5/8/2020,"1,288,044","1,291,509","1,275,974","1,283,929","1,284,864","74,139","77,380","76,684","77,180","76,346",5.94%,"27,648","27,671","27,387","26,906","27,403","1,798","1,575","1,667","1,518","1,640","298,771",6.11,4.88,,,
5/9/2020,"1,312,831","1,316,350","1,301,552","1,309,550","1,310,071","75,584","78,834","78,194","78,795","77,852",5.94%,"24,787","24,841","25,578","25,621","25,207","1,445","1,454","1,510","1,615","1,506","292,023",6.12,4.89,,,
5/10/2020,"1,334,223","1,336,667","1,321,677","1,329,260","1,330,457","76,620","79,765","79,067","79,526","78,745",5.92%,"21,392","20,317","20,125","19,710","20,386","1,036",931,873,731,893,"266,745",6.12,4.90,,,
5/11/2020,"1,352,463","1,354,285","1,339,458","1,347,881","1,348,522","77,512","80,747","80,007","80,682","79,737",5.91%,"18,240","17,618","17,781","18,621","18,065",892,982,940,"1,156",993,"383,478",6.13,4.90,,,
5/12/2020,"1,375,165","1,376,584","1,360,931","1,369,574","1,370,564","78,998","82,400","81,660","82,376","81,359",5.94%,"22,702","22,299","21,473","21,693","22,042","1,486","1,653","1,653","1,694","1,622","309,685",6.14,4.91,,,
5/13/2020,"1,396,439","1,397,725","1,381,593","1,390,406","1,391,541","80,702","84,168","83,369","84,119","83,090",5.97%,"21,274","21,141","20,662","20,832","20,977","1,704","1,768","1,709","1,743","1,731","320,438",6.14,4.92,,,
5/14/2020,"1,423,170","1,424,686","1,408,359","1,417,774","1,418,497","82,582","85,906","85,152","85,898","84,885",5.98%,"26,731","26,961","26,766","27,368","26,957","1,880","1,738","1,783","1,779","1,795","365,442",6.15,4.93,,,
5/15/2020,"1,447,917","1,450,918","1,433,267","1,442,824","1,443,732","84,089","87,499","86,624","87,530","86,436",5.99%,"24,747","26,232","24,908","25,050","25,234","1,507","1,593","1,472","1,632","1,551","359,460",6.16,4.94,,,
5/16/2020,"1,472,548","1,474,578","1,457,778","1,467,820","1,468,181","85,077","88,724","87,770","88,754","87,581",5.97%,"24,631","23,660","24,511","24,996","24,450",988,"1,225","1,146","1,224","1,146","362,789",6.17,4.94,,,
5/17/2020,"1,492,630","1,493,583","1,476,296","1,486,757","1,487,317","85,926","89,568","88,562","89,562","88,405",5.94%,"20,082","19,005","18,518","18,937","19,136",849,844,792,808,823,"371,652",6.17,4.95,,,
5/18/2020,"1,513,646","1,515,412","1,497,932","1,508,308","1,508,825","86,774","90,414","89,595","90,347","89,283",5.92%,"21,016","21,829","21,636","21,551","21,508",848,846,"1,033",785,878,"356,193",6.18,4.95,,,
5/19/2020,"1,534,548","1,536,371","1,518,530","1,528,568","1,529,504","88,100","91,934","91,138","91,921","90,773",5.93%,"20,902","20,959","20,598","20,260","20,680","1,326","1,520","1,543","1,574","1,491","402,876",6.18,4.96,,,
5/20/2020,"1,555,886","1,559,435","1,540,613","1,551,853","1,551,947","89,499","93,411","92,642","93,439","92,248",5.94%,"21,338","23,064","22,083","23,285","22,443","1,399","1,477","1,504","1,518","1,475","408,581",6.19,4.96,,,
5/21/2020,"1,582,491","1,585,073","1,566,571","1,577,147","1,577,821","90,893","94,721","93,987","94,702","93,576",5.93%,"26,605","25,638","25,958","25,294","25,874","1,394","1,310","1,345","1,263","1,328","462,880",6.20,4.97,,,
5/22/2020,"1,607,064","1,608,962","1,589,930","1,600,937","1,601,723","92,234","96,010","95,218","95,979","94,860",5.92%,"24,573","23,889","23,359","23,790","23,903","1,341","1,289","1,231","1,277","1,285","410,364",6.20,4.98,,,
5/23/2020,"1,628,594","1,631,165","1,612,184","1,622,612","1,623,639","93,297","97,060","96,318","97,087","95,941",5.91%,"21,530","22,203","22,254","21,675","21,916","1,063","1,050","1,100","1,108","1,080","390,679",6.21,4.98,,,
5/24/2020,"1,648,640","1,651,261","1,632,864","1,643,246","1,644,003","93,977","97,680","96,969","97,720","96,587",5.88%,"20,046","20,096","20,680","20,634","20,364",680,620,651,633,646,"381,986",6.22,4.98,,,
5/25/2020,"1,667,330","1,670,361","1,651,945","1,662,302","1,662,985","94,536","98,190","97,643","98,220","97,147",5.84%,"18,690","19,100","19,081","19,056","18,982",559,510,674,500,561,"423,408",6.22,4.99,,,
5/26/2020,"1,684,082","1,689,250","1,669,906","1,680,913","1,681,038","95,181","98,937","98,310","98,913","97,835",5.82%,"16,752","18,889","17,961","18,611","18,053",645,747,667,693,688,"307,807",6.23,4.99,,,
5/27/2020,"1,703,519","1,707,989","1,689,953","1,699,176","1,700,159","96,502","100,422","99,706","100,418","99,262",5.84%,"19,437","18,739","20,047","18,263","19,122","1,321","1,485","1,396","1,505","1,427","309,999",6.23,5.00,,,
5/28/2020,"1,726,150","1,730,457","1,712,451","1,721,753","1,722,703","97,733","101,622","100,885","101,616","100,464",5.83%,"22,631","22,468","22,498","22,577","22,544","1,231","1,200","1,179","1,198","1,202","436,060",6.24,5.00,,,
5/29/2020,"1,749,723","1,755,003","1,737,431","1,746,019","1,747,044","98,917","102,812","102,126","102,809","101,666",5.82%,"23,573","24,546","24,980","24,266","24,341","1,184","1,190","1,241","1,193","1,202","488,677",6.24,5.01,,,
5/30/2020,"1,773,405","1,778,401","1,760,416","1,770,165","1,770,597","99,849","103,775","102,974","103,776","102,594",5.79%,"23,682","23,398","22,985","24,146","23,553",932,963,848,967,928,"426,543",6.25,5.01,,,
5/31/2020,"1,794,963","1,799,035","1,779,260","1,790,172","1,790,858","100,501","104,379","103,566","104,381","103,207",5.76%,"21,558","20,634","18,844","20,007","20,261",652,604,592,605,613,"396,749",6.25,5.01,,,
6/1/2020,"1,815,446","1,820,929","1,800,592","1,811,020","1,811,997","101,169","105,113","104,231","105,149","103,916",5.73%,"20,483","21,894","21,332","20,848","21,139",668,734,665,768,709,"414,152",6.26,5.02,,,
6/2/2020,"1,835,555","1,841,714","1,821,073","1,831,821","1,832,541","102,131","106,195","105,535","106,180","105,010",5.73%,"20,109","20,785","20,481","20,801","20,544",962,"1,082","1,304","1,031","1,095","420,709",6.26,5.02,,,
6/3/2020,"1,855,951","1,861,695","1,840,539","1,851,520","1,852,426","103,124","107,184","106,531","107,175","106,004",5.72%,"20,396","19,981","19,466","19,699","19,886",993,989,996,995,993,"468,715",6.27,5.03,,,
6/4/2020,"1,876,828","1,883,308","1,862,314","1,872,660","1,873,778","104,017","108,192","107,510","108,211","106,983",5.71%,"20,877","21,613","21,775","21,140","21,351",893,"1,008",979,"1,036",979,"462,772",6.27,5.03,,,
6/5/2020,"1,900,227","1,912,002","1,891,065","1,897,380","1,900,169","104,843","109,304","108,602","109,132","107,970",5.68%,"23,399","28,694","28,751","24,720","26,391",826,"1,112","1,092",921,988,"508,085",6.28,5.03,,,
6/6/2020,"1,923,291","1,934,522","1,913,966","1,920,061","1,922,960","105,571","110,032","109,381","109,802","108,697",5.65%,"23,064","22,520","22,901","22,681","22,792",728,728,779,670,726,"544,842",6.28,5.04,,,
6/7/2020,"1,942,032","1,953,138","1,931,935","1,943,647","1,942,688","106,018","110,422","109,770","110,525","109,184",5.62%,"18,741","18,616","17,969","23,586","19,728",447,390,389,723,487,"423,124",6.29,5.04,,,
6/8/2020,"1,959,241","1,971,337","1,948,917","1,961,428","1,960,231","106,679","111,144","110,325","111,011","109,790",5.60%,"17,209","18,199","16,982","17,781","17,543",661,722,555,486,606,"397,430",6.29,5.04,,,
6/9/2020,"1,976,552","1,990,122","1,967,494","1,979,411","1,978,395","107,581","112,174","111,293","111,989","110,759",5.60%,"17,311","18,785","18,577","17,983","18,164",902,"1,030",968,978,970,"421,690",6.30,5.04,,,
6/10/2020,"1,997,446","2,010,961","1,987,936","2,000,464","1,999,202","108,468","113,097","112,201","112,924","111,673",5.59%,"20,894","20,839","20,442","21,053","20,807",887,923,908,935,913,"429,865",6.30,5.05,,,
6/11/2020,"2,019,600","2,034,118","2,010,446","2,023,347","2,021,878","109,367","113,974","113,087","113,820","112,562",5.57%,"22,154","23,157","22,510","22,883","22,676",899,877,886,896,890,"460,216",6.31,5.05,,,
6/12/2020,"2,043,199","2,059,588","2,036,160","2,048,986","2,046,983","110,142","114,752","113,857","114,669","113,355",5.54%,"23,599","25,470","25,714","25,639","25,106",775,778,770,849,793,"623,571",6.31,5.05,,,
6/13/2020,"2,068,573","2,084,923","2,061,887","2,074,526","2,072,477","110,836","115,445","114,588","115,436","114,076",5.50%,"25,374","25,335","25,727","25,540","25,494",694,693,731,767,721,"496,762",6.32,5.06,,,
6/14/2020,"2,089,972","2,103,990","2,082,351","2,094,058","2,092,593","111,192","115,762","114,934","115,732","114,405",5.47%,"21,399","19,067","20,464","19,532","20,116",356,317,346,296,329,"485,553",6.32,5.06,,,
6/15/2020,"2,108,601","2,124,082","2,100,930","2,114,026","2,111,910","111,573","116,210","115,328","116,127","114,810",5.44%,"18,629","20,092","18,579","19,968","19,317",381,448,394,395,405,"434,019",6.32,5.06,,,
6/16/2020,"2,132,098","2,148,914","2,125,432","2,137,731","2,136,044","112,303","116,979","116,099","116,963","115,586",5.41%,"23,497","24,832","24,502","23,705","24,134",730,769,771,836,777,"466,147",6.33,5.06,,,
6/17/2020,"2,156,102","2,174,570","2,149,873","2,163,290","2,160,959","113,070","117,740","116,884","117,717","116,353",5.38%,"24,004","25,656","24,441","25,559","24,915",767,761,785,754,767,"487,172",6.33,5.07,,,
6/18/2020,"2,183,846","2,202,587","2,177,044","2,191,052","2,188,632","113,775","118,467","117,583","118,432","117,064",5.35%,"27,744","28,017","27,171","27,762","27,674",705,727,699,715,712,"519,369",6.34,5.07,,,
6/19/2020,"2,215,318","2,233,395","2,207,982","2,222,579","2,219,819","114,430","119,165","118,332","119,124","117,763",5.31%,"31,472","30,808","30,938","31,527","31,186",655,698,749,692,699,"579,579",6.35,5.07,,,
6/20/2020,"2,247,612","2,265,362","2,239,704","2,255,119","2,251,949","115,059","119,710","118,894","119,719","118,346",5.26%,"32,294","31,967","31,722","32,540","32,131",629,545,562,595,583,"565,598",6.35,5.07,,,
6/21/2020,"2,275,540","2,291,735","2,266,568","2,279,879","2,278,431","115,353","119,985","119,160","119,969","118,617",5.21%,"27,928","26,373","26,864","24,760","26,481",294,275,266,250,271,"523,977",6.36,5.07,,,
6/22/2020,"2,302,821","2,322,186","2,295,943","2,312,302","2,308,313","115,639","120,327","119,523","120,402","118,973",5.15%,"27,281","30,451","29,375","32,423","29,883",286,342,363,433,356,"471,370",6.36,5.08,,,
6/23/2020,"2,336,268","2,357,209","2,330,889","2,347,022","2,342,847","116,349","121,160","120,352","121,228","119,772",5.11%,"33,447","35,023","34,946","34,720","34,534",710,833,829,826,800,"502,551",6.37,5.08,,,
6/24/2020,"2,375,111","2,394,184","2,366,300","2,381,493","2,379,272","117,073","121,926","121,089","121,980","120,517",5.07%,"38,843","36,975","35,411","34,471","36,425",724,766,737,752,745,"523,892",6.38,5.08,,,
6/25/2020,"2,414,360","2,438,070","2,405,391","2,422,299","2,420,030","117,720","124,400","121,710","124,410","122,060",5.04%,"39,249","43,886","39,091","40,806","40,758",647,"2,474",621,"2,430","1,543","641,942",6.38,5.09,,,
6/26/2020,"2,458,903","2,483,568","2,451,720","2,467,554","2,465,436","118,357","125,033","122,367","125,039","122,699",4.98%,"44,543","45,498","46,329","45,255","45,406",637,633,657,629,639,"610,037",6.39,5.09,,,
6/27/2020,"2,502,687","2,525,928","2,493,452","2,510,151","2,508,055","118,868","125,545","124,736","125,539","123,672",4.93%,"43,784","42,360","41,732","42,597","42,618",511,512,"2,369",500,973,"599,431",6.40,5.09,,,
6/28/2020,"2,544,259","2,564,681","2,532,801","2,548,996","2,547,684","119,139","125,814","125,008","125,803","123,941",4.86%,"41,572","38,753","39,349","38,845","39,630",271,269,272,264,269,"577,378",6.41,5.09,,,
6/29/2020,"2,584,070","2,604,915","2,572,466","2,590,651","2,588,026","119,471","126,161","125,352","126,140","124,281",4.80%,"39,811","40,234","39,665","41,655","40,341",332,347,344,337,340,"655,799",6.41,5.09,,,
6/30/2020,"2,631,933","2,653,280","2,618,817","2,635,417","2,634,862","120,067","127,461","126,623","127,417","125,392",4.76%,"47,863","48,365","46,351","44,766","46,836",596,"1,300","1,271","1,277","1,111","628,015",6.42,5.10,,,
7/1/2020,"2,682,914","2,703,212","2,668,305","2,686,258","2,685,172","120,768","128,103","127,311","128,062","126,061",4.69%,"50,981","49,932","49,488","50,841","50,311",701,642,688,645,669,"640,379",6.43,5.10,,,
7/2/2020,"2,736,998","2,758,807","2,724,650","2,739,879","2,740,084","121,463","128,825","128,102","128,740","126,783",4.63%,"54,084","55,595","56,345","53,621","54,911",695,722,791,678,722,"662,438",6.44,5.10,,,
7/3/2020,"2,790,948","2,815,374","2,777,448","2,794,153","2,794,481","122,061","129,415","128,582","129,434","127,373",4.56%,"53,950","56,567","52,798","54,274","54,397",598,590,480,694,591,"707,993",6.45,5.11,,,
7/4/2020,"2,845,286","2,865,548","2,822,664","2,839,436","2,843,234","122,367","129,679","128,815","129,676","127,634",4.49%,"54,338","50,174","45,216","45,283","48,753",306,264,233,242,261,"631,819",6.45,5.11,,,
7/5/2020,"2,890,899","2,910,782","2,864,216","2,888,635","2,888,633","122,576","129,941","129,041","129,947","127,876",4.43%,"45,613","45,234","41,552","49,199","45,400",209,262,226,271,242,"678,952",6.46,5.11,,,
7/6/2020,"2,932,817","2,958,050","2,918,437","2,936,077","2,936,345","122,819","130,332","129,427","130,285","128,216",4.37%,"41,918","47,268","54,221","47,442","47,712",243,391,386,338,340,"513,520",6.47,5.11,,,
7/7/2020,"2,984,543","3,012,210","2,973,992","2,996,098","2,991,711","123,742","131,289","130,741","131,480","129,313",4.32%,"51,726","54,160","55,555","60,021","55,366",923,957,"1,314","1,195","1,097","635,897",6.48,5.11,,,
7/8/2020,"3,047,215","3,071,663","3,031,883","3,054,699","3,051,365","124,549","132,237","131,179","132,300","130,066",4.26%,"62,672","59,453","57,891","58,601","59,654",807,948,438,820,753,"638,231",6.48,5.11,,,
7/9/2020,"3,106,372","3,131,549","3,094,776","3,117,946","3,112,661","125,416","133,079","132,166","133,290","130,988",4.21%,"59,157","59,886","62,893","63,247","61,296",867,842,987,990,922,"706,001",6.49,5.12,,,
7/10/2020,"3,173,218","3,199,790","3,164,414","3,184,573","3,180,499","126,270","133,906","132,995","134,092","131,816",4.14%,"66,846","68,241","69,638","66,627","67,838",854,827,829,802,828,"809,775",6.50,5.12,,,
7/11/2020,"3,236,114","3,260,558","3,224,982","3,245,925","3,241,895","127,027","134,581","133,987","134,777","132,593",4.09%,"62,896","60,768","60,568","61,352","61,396",757,675,992,685,777,"700,651",6.51,5.12,,,
7/12/2020,"3,297,426","3,318,347","3,283,122","3,304,942","3,300,959","127,503","134,976","134,132","135,205","132,954",4.03%,"61,312","57,789","58,140","59,017","59,065",476,395,145,428,361,"763,706",6.52,5.12,,,
7/13/2020,"3,355,523","3,379,859","3,340,013","3,364,157","3,359,888","127,830","135,402","134,479","135,566","133,319",3.97%,"58,097","61,512","56,891","59,215","58,929",327,426,347,361,365,"694,597",6.53,5.12,,,
7/14/2020,"3,418,249","3,445,483","3,408,994","3,431,574","3,426,075","128,566","136,356","135,393","136,466","134,195",3.92%,"62,726","65,624","68,981","67,417","66,187",736,954,914,900,876,"765,626",6.53,5.13,,,
7/15/2020,"3,484,046","3,512,791","3,471,062","3,497,847","3,491,437","129,424","137,319","136,286","137,407","135,109",3.87%,"65,797","67,308","62,068","66,273","65,362",858,963,893,941,914,"768,887",6.54,5.13,,,
7/16/2020,"3,555,082","3,589,493","3,551,465","3,576,157","3,568,049","130,371","138,284","137,191","138,358","136,051",3.81%,"71,036","76,702","80,403","78,310","76,613",947,965,905,951,942,"827,323",6.55,5.13,Peak,,
7/17/2020,"3,631,926","3,660,324","3,620,819","3,647,715","3,640,196","131,322","139,186","138,043","139,266","136,954",3.76%,"76,844","70,831","69,354","71,558","72,147",951,902,852,908,903,"834,501",6.56,5.14,,,
7/18/2020,"3,696,876","3,719,110","3,687,023","3,711,413","3,703,606","132,194","139,908","138,999","140,119","137,805",3.72%,"64,950","58,786","66,204","63,698","63,410",872,722,956,853,851,"756,836",6.57,5.14,,,
7/19/2020,"3,761,135","3,785,241","3,747,379","3,773,260","3,766,754","132,721","140,373","139,442","140,534","138,268",3.67%,"64,259","66,131","60,356","61,847","63,148",527,465,443,415,463,"779,590",6.58,5.14,,,
7/20/2020,"3,818,176","3,845,124","3,804,518","3,834,677","3,825,624","133,084","140,904","139,863","140,913","138,691",3.63%,"57,041","59,883","57,139","61,417","58,870",363,531,421,379,424,"711,189",6.58,5.14,,,
7/21/2020,"3,882,105","3,910,398","3,871,366","3,899,211","3,890,770","134,122","142,031","140,985","141,995","139,783",3.59%,"63,929","65,274","66,848","64,534","65,146","1,038","1,127","1,122","1,082","1,092","750,290",6.59,5.15,,,
7/22/2020,"3,951,439","3,980,128","3,938,876","3,970,085","3,960,132","135,293","143,167","142,086","143,190","140,934",3.56%,"69,334","69,730","67,510","70,874","69,362","1,171","1,136","1,101","1,195","1,151","796,439",6.60,5.15,,,
7/23/2020,"4,022,992","4,050,126","4,006,971","4,038,748","4,029,709","136,348","144,283","143,171","144,304","142,027",3.52%,"71,553","69,998","68,095","68,663","69,577","1,055","1,116","1,085","1,114","1,093","841,074",6.61,5.15,,,
7/24/2020,"4,098,227","4,123,651","4,080,745","4,112,531","4,103,789","137,524","145,430","144,296","145,546","143,199",3.49%,"75,235","73,525","73,774","73,783","74,079","1,176","1,147","1,125","1,242","1,173","926,440",6.61,5.16,,,
7/25/2020,"4,162,969","4,190,422","4,145,882","4,178,021","4,169,324","138,547","146,314","145,220","146,460","144,135",3.46%,"64,742","66,771","65,137","65,490","65,535","1,023",884,924,914,936,"780,711",6.62,5.16,,,
7/26/2020,"4,223,978","4,244,634","4,202,591","4,233,923","4,226,282","139,106","146,754","145,734","146,935","144,632",3.42%,"61,009","54,212","56,709","55,902","56,958",559,440,514,475,497,"841,063",6.63,5.16,,,
7/27/2020,"4,279,299","4,303,813","4,259,226","4,290,337","4,283,169","140,165","148,450","146,858","148,012","145,871",3.41%,"55,321","59,179","56,635","56,414","56,887","1,059","1,696","1,124","1,077","1,239","762,463",6.63,5.16,,,
7/28/2020,"4,335,751","4,366,922","4,322,289","4,356,206","4,345,292","141,287","149,774","148,147","149,310","147,130",3.39%,"56,452","63,109","63,063","65,869","62,123","1,122","1,324","1,289","1,298","1,258","737,633",6.64,5.17,,,
7/29/2020,"4,402,711","4,435,382","4,398,971","4,426,982","4,416,012","142,779","151,194","149,755","150,713","148,610",3.37%,"66,960","68,460","76,682","70,776","70,720","1,492","1,420","1,608","1,403","1,481","856,672",6.65,5.17,,,
7/30/2020,"4,472,130","4,502,549","4,457,572","4,495,015","4,481,817","144,038","152,431","150,679","152,055","149,801",3.34%,"69,419","67,167","58,601","68,033","65,805","1,259","1,237",924,"1,342","1,191","807,369",6.65,5.18,,,
7/31/2020,"4,539,754","4,570,381","4,527,542","4,562,038","4,549,929","145,350","153,861","152,119","153,314","151,161",3.32%,"67,624","67,832","69,970","67,023","68,112","1,312","1,430","1,440","1,259","1,360","725,451",6.66,5.18,,,
8/1/2020,"4,600,856","4,628,534","4,587,301","4,620,444","4,609,284","146,540","154,918","153,246","154,447","152,288",3.30%,"61,102","58,153","59,759","58,406","59,355","1,190","1,057","1,127","1,133","1,127","735,006",6.66,5.18,,,
8/2/2020,"4,647,612","4,677,855","4,623,301","4,667,955","4,654,181","147,038","155,336","153,621","154,860","152,714",3.28%,"46,756","49,321","36,000","47,511","44,897",498,418,375,413,426,"690,082",6.67,5.18,,,
8/3/2020,"4,697,381","4,725,274","4,680,711","4,713,540","4,704,227","147,557","155,941","154,214","155,402","153,279",3.26%,"49,769","47,419","57,410","45,585","50,046",519,605,593,542,565,"742,472",6.67,5.19,,,
8/4/2020,"4,749,246","4,778,669","4,732,988","4,771,080","4,757,996","148,812","157,299","155,546","156,801","154,615",3.25%,"51,865","53,395","52,277","57,540","53,769","1,255","1,358","1,332","1,399","1,336","711,418",6.68,5.19,,,
8/5/2020,"4,801,572","4,832,395","4,786,596","4,823,890","4,811,113","150,158","158,552","156,802","158,250","155,941",3.24%,"52,326","53,726","53,608","52,810","53,118","1,346","1,253","1,256","1,449","1,326","695,941",6.68,5.19,,,
8/6/2020,"4,855,757","4,889,733","4,843,011","4,883,582","4,868,021","151,409","159,623","158,033","160,104","157,292",3.23%,"54,185","57,338","56,415","59,692","56,908","1,251","1,071","1,231","1,854","1,352","745,584",6.69,5.20,,,
8/7/2020,"4,917,103","4,950,708","4,903,623","4,941,755","4,928,297","152,742","160,977","159,403","161,347","158,617",3.22%,"61,346","60,975","60,612","58,173","60,277","1,333","1,354","1,370","1,243","1,325","777,065",6.69,5.20,,,
8/8/2020,"4,970,816","5,005,904","4,957,906","4,997,929","4,983,139","153,831","161,942","160,374","162,423","159,643",3.20%,"53,713","55,196","54,283","56,174","54,842","1,089",965,971,"1,076","1,025","675,693",6.70,5.20,,,
8/9/2020,"5,021,440","5,054,208","5,005,217","5,044,864","5,031,432","154,447","162,481","161,029","162,938","160,224",3.18%,"50,624","48,304","47,311","46,935","48,294",616,539,655,515,581,"717,563",6.70,5.20,,,
8/10/2020,"5,063,529","5,101,333","5,048,035","5,094,400","5,076,824","154,873","163,018","161,491","163,463","160,711",3.17%,"42,089","47,125","42,818","49,536","45,392",426,537,462,525,488,"735,491",6.71,5.21,,,
8/11/2020,"5,119,231","5,154,648","5,104,558","5,141,208","5,129,911","156,199","164,468","162,906","164,537","162,028",3.16%,"55,702","53,315","56,523","46,808","53,087","1,326","1,450","1,415","1,074","1,316","754,459",6.71,5.21,,,
8/12/2020,"5,175,363","5,208,835","5,158,587","5,197,411","5,185,049","157,716","165,946","164,352","166,034","163,512",3.15%,"56,132","54,187","54,029","56,203","55,138","1,517","1,478","1,446","1,497","1,485","495,156",6.71,5.21,,,
8/13/2020,"5,227,123","5,262,791","5,210,837","5,248,958","5,237,427","158,879","167,165","165,530","167,110","164,671",3.14%,"51,760","53,956","52,250","51,547","52,378","1,163","1,219","1,178","1,076","1,159","895,295",6.72,5.22,,,
8/14/2020,"5,282,758","5,322,232","5,268,157","5,313,252","5,296,600","160,095","168,335","166,698","168,452","165,895",3.13%,"55,635","59,441","57,320","64,294","59,173","1,216","1,170","1,168","1,342","1,224","854,539",6.72,5.22,,,
8/15/2020,"5,338,906","5,372,567","5,318,880","5,361,165","5,347,880","161,314","169,394","167,856","169,481","167,011",3.12%,"56,148","50,335","50,723","47,913","51,280","1,219","1,059","1,158","1,029","1,116","749,458",6.73,5.22,,,
8/16/2020,"5,381,393","5,414,870","5,357,045","5,403,213","5,389,130","161,933","169,910","168,419","170,052","167,579",3.11%,"42,487","42,303","38,165","42,048","41,251",619,516,563,571,567,"783,086",6.73,5.22,,,
8/17/2020,"5,419,274","5,455,136","5,397,990","5,438,325","5,427,681","162,340","170,451","168,911","170,497","168,050",3.10%,"37,881","40,266","40,945","35,112","38,551",407,541,492,445,471,"663,727",6.73,5.23,,,
8/18/2020,"5,460,070","5,498,362","5,439,453","5,483,388","5,470,318","163,536","171,800","170,161","171,821","169,330",3.10%,"40,796","43,226","41,463","45,063","42,637","1,196","1,349","1,250","1,324","1,280","657,655",6.74,5.23,,,
8/19/2020,"5,505,023","5,541,376","5,484,694","5,529,824","5,515,229","164,956","173,095","171,466","173,177","170,674",3.09%,"44,953","43,014","45,241","46,436","44,911","1,420","1,295","1,305","1,356","1,344","689,776",6.74,5.23,,,
8/20/2020,"5,548,781","5,591,057","5,527,967","5,573,847","5,560,413","166,090","174,170","172,593","174,255","171,777",3.09%,"43,758","49,681","43,273","44,023","45,184","1,134","1,075","1,127","1,078","1,104","677,836",6.75,5.23,,,
8/21/2020,"5,595,343","5,636,428","5,575,867","5,622,540","5,607,545","167,213","175,298","173,719","175,363","172,898",3.08%,"46,562","45,371","47,900","48,693","47,132","1,123","1,128","1,126","1,108","1,121","743,616",6.75,5.24,,,
8/22/2020,"5,641,585","5,681,435","5,620,591","5,667,112","5,652,681","168,242","176,248","174,731","176,353","173,894",3.08%,"46,242","45,007","44,724","44,572","45,136","1,029",950,"1,012",990,995,"756,535",6.75,5.24,,,
8/23/2020,"5,679,152","5,713,799","5,652,983","5,701,679","5,686,903","168,814","176,694","175,181","176,802","174,373",3.07%,"37,567","32,364","32,392","34,567","34,223",572,446,450,449,479,"615,514",6.75,5.24,,,
8/24/2020,"5,713,793","5,754,178","5,690,346","5,739,724","5,724,510","169,157","177,198","175,624","177,252","174,808",3.05%,"34,641","40,379","37,363","38,045","37,607",343,504,443,450,435,"682,651",6.76,5.24,,,
8/25/2020,"5,750,167","5,793,346","5,728,727","5,777,710","5,762,488","170,304","178,411","176,815","178,486","176,004",3.05%,"36,374","39,168","38,381","37,986","37,977","1,147","1,213","1,191","1,234","1,196","634,156",6.76,5.25,,,
8/26/2020,"5,794,224","5,838,125","5,774,225","5,821,819","5,807,098","171,602","179,604","178,226","179,708","177,285",3.05%,"44,057","44,779","45,498","44,109","44,611","1,298","1,193","1,411","1,222","1,281","675,729",6.76,5.25,,,
8/27/2020,"5,838,208","5,883,729","5,820,085","5,867,785","5,852,452","172,731","180,731","179,332","180,824","178,405",3.05%,"43,984","45,604","45,860","45,966","45,354","1,129","1,127","1,106","1,116","1,120","742,060",6.77,5.25,,,
8/28/2020,"5,884,754","5,930,285","5,865,041","5,913,941","5,898,505","173,754","181,741","180,329","181,800","179,406",3.04%,"46,546","46,556","44,956","46,156","46,054","1,023","1,010",997,976,"1,002","772,256",6.77,5.25,,,
8/29/2020,"5,929,256","5,974,543","5,908,557","5,961,094","5,943,363","174,769","182,611","181,421","182,761","180,391",3.04%,"44,502","44,258","43,516","47,153","44,857","1,015",870,"1,092",961,985,"764,238",6.77,5.26,,,
8/30/2020,"5,968,754","6,008,376","5,941,846","5,996,431","5,978,852","175,244","182,986","181,696","183,066","180,748",3.02%,"39,498","33,833","33,289","35,337","35,489",475,375,275,305,358,"739,506",6.78,5.26,,,
8/31/2020,"6,000,160","6,044,815","5,977,636","6,030,587","6,013,300","175,610","183,474","182,169","183,597","181,213",3.01%,"31,406","36,439","35,790","34,156","34,448",366,488,473,531,465,"680,405",6.78,5.26,,,
9/1/2020,"6,042,583","6,088,842","6,020,629","6,073,840","6,056,474","176,637","184,564","183,243","184,664","182,277",3.01%,"42,423","44,027","42,993","43,253","43,174","1,027","1,090","1,074","1,067","1,065","698,526",6.78,5.26,,,
9/2/2020,"6,073,187","6,121,842","6,060,334","6,113,510","6,092,218","177,669","185,640","184,280","185,720","183,327",3.01%,"30,604","33,000","39,705","39,670","35,745","1,032","1,076","1,037","1,056","1,050","645,037",6.78,5.26,,,
9/3/2020,"6,117,481","6,167,443","6,102,225","6,150,016","6,134,291","178,742","186,718","185,329","186,790","184,395",3.01%,"44,294","45,601","41,891","36,506","42,073","1,073","1,078","1,049","1,070","1,068","723,524",6.79,5.27,,,
9/4/2020,"6,168,994","6,218,913","6,151,910","6,200,518","6,185,084","179,740","187,698","186,280","187,755","185,368",3.00%,"51,513","51,470","49,685","50,502","50,793",998,980,951,965,974,"902,125",6.79,5.27,,,
